titulo_ci,precio_ci
Vino tinto Vega Sicilia Unico 2009 Ribera del Duero,354
Vino tinto Marqués de Riscal reserva Rioja botellín,10
Vino tinto Valbuena 5º 2014 Vega Sicilia Ribera del Duero,"125,298,169"
Vino tinto Rodríguez de Vera Almasa,"11,4"
Vino tinto Finca Río Negro Guadalajara,14
Vino blanco seco Stratvs Único Selección Lanzarote,20
Vino tinto Trus roble Ribera del Duero,11
Caja Marqués de Riscal 150 Aniversario Gran Reserva Rioja,149
Vino tinto Gonzaga Club del Gourmet Rioja Alta,15
Vino tinto Pesquera Crianza Ribera del Duero,18
Estuche Marqués de Murrieta Reserva Rioja,59
Vino tinto Mencía Crego e Monaguillo Monterrei,9
Vino blanco Ánima de Raimat Costers del Segre,
Vino tinto Pago de los Capellanes crianza 2017 Ribera del Duero,"22,29"
Vino tinto Pies Negros Rioja Alavesa,12
Vino tinto Mauro V.S. Castilla y León,59
Estuche 3 botellas de vino tinto Pesquera Ribera del Duero,89
Estuche La Rioja Alta 904 Gran Reserva,135
Estuche 3 botellas Vino tinto Pago de los Capellanes Reserva Ribera del Duero,98
Vino tinto Pago de los Capellanes reserva Ribera del Duero,
Vino tinto Luis Cañas Selección de Familia Reserva Rioja,24
Vino blanco albariño Sin Palabras Castro Valdes Castrobrey,11
Vino tinto 200 Monges Gran Reserva Rioja,49
Vino tinto crianza Convento San Francisco Ribera del Duero,13
Vino tinto reserva Viña Tondonia Rioja Magnum con caja,69
Vino tinto Tomás Postigo Ribera del Duero,28
Vino fino Tío Pepe en Rama Décima Edición González Byass Jerez,14
Vino tinto Sierra Cantabria cuveé Rioja,19
Vino tinto monovarietal tempranillo El Señorito,16
Vino tinto Clio crianza Jumilla,40
Vino blanco Albariño 1583 de Fefiñanes,20
Vino tinto Álvaro Palacio Les Terrases  Priorato,33
Vino blanco Martín Codax albariño lías Rías Baixas,18
Vino tinto Lacima Ribeira Sacra,38
Estuche 2 botellas cava Anna de Codorníu Blanc de Blancs Brut con 2 copas flauta,
Vino Blanco Mar de Frades finca Valiñas albariño Rías Baixas,"27,24"
Vino blanco albariño Pazo Señorans Selección de Añada Rías Baixas,33
Vino blanco Rodríguez de Vera Chardonnay Almansa,9
Vino blanco El Perro Verde Rueda Uvas Felices Magnum,23
Vino tinto Matarromera crianza Ribera del Duero,20
Vino blanco albariño Pazo Baión Rias Baixas,18
Vino tinto Lacrimus Apasionado Rioja,9
Vino tinto Malleolus reserva Ribera del Duero,30
Vino tinto Alión 2015 Ribera del Duero Tempos Vega Sicilia,"62,169,35"
Vino tinto 904 Gran Reserva La Rioja Alta,50
Vino tinto Alonso del Yerro Ribera del Duero,21
Vino tinto La Montesa Rioja,13
Vino tinto Martinez Lacuesta Gran Reserva Rioja,29
Vino tinto Cruz de Alba Crianza Ribera del Duero,16
Vino tinto crianza Tomás Postigo Ribera del Duero magnum,63
Vino tinto The Invisible Man The Wine Gurus Rioja Alta,"18,37,18,14,11,24"
Cava rosado Grand Rosé Ars Collecta de Codorníu,18
Vino tinto Citius Alta Pavina Tierra de Castilla y León,19
Vino blanco El Marido de mi Amiga de Vallobera Rioja,6
Vino tinto Torre Muga Rioja Alta,62
Cava Agustí Torelló Mata Gran Reserva Brut Nature,
Vinos tintos Colección Legaris Ribera del Duero,
Vino rosado Vol d'Ánima de Raimat Costers del Segre,
Vino tinto Lucero 2014 Tempranillo Ribera del Duero,6
Vino blanco Habla del Mar variedades atlánticas,16
Vino dulce Victoria Nº 2 Jorge Ordoñez moscatel Málaga,18
Vino tinto ecológico HABLA Par Syrah Extremadura,22
Vino tinto Ultreia Saint Jacques Mencía Bierzo Raúl Pérez Magnum,19
Vino tinto Laya Almansa,6
Estuche vinos tintos Matarromera Ribera del Duero,99
Vino blanco fermentado en barrica Chivite Colección 125 Navarra,56
Vino oloroso dulce Matusalem González Byass Jerez,71
Vino blanco Martín Códax Gallaecia Rías Baixas,42
Vino blanco As Sortes Val do Bibei Godello Valdeorras,37
Vino tinto El Sequé Alicante,22
Vino blanco Frore de Carme albariño Rías Baixas,25
Vino tinto Roda I Reserva Rioja,47
Vino tinto con crianza Comenge El Orígen Ribera del Duero,16
Vino tinto Contino Viña del Olivo reserva Rioja,66
Vino tinto Marqués de Murrieta Reserva Rioja,23
Vino tinto Enrique Mendoza Reserva Santa Rosa Alicante,26
Vino blanco Priorato de Razamonde Ribeiro,13
Vino tinto Malleolus reserva Ribera del Duero magnum,
Vino tinto San Vicente Reserva Rioja,37
Vino dulce Piamater Moscatel,15
Vino tinto Marqués de Riscal 150 Aniversario Gran Reserva Rioja,53
Cava Juve & Camps Blanc de Noirs Reserva,27
Vino espumoso Burbujas de Baladiña Brut Nature albariño Rías Baixas,34
Vino tinto Beronia Edición Limitada Rioja,"13,7,16"
Vino blanco Enate chardonnay fermentado en barrica Somontano,
Vino tinto crianza Eguren Ugarte Rioja,9
Vino tinto M9 Abadía San Quirce Ribera del Duero,
Cava rosado Anna de Codorníu brut,13
Vino rosado Gurdos Prieto Picudo León,8
Vino tinto Taberner Cádiz,19
Vino blanco Viña Meín Ribeiro,12
Vino tinto Arzuaga Ribera del Duero,17
Vino rosado de Navarra colección 125 Chivite,26
Vino blanco Pazo Barrantes Albariño Rías Baixas,"15,14"
Vino tinto Finca Villacreces reserva Ribera del Duero,23
Vino tinto Bosque de Matasnos crianza Ribera del Duero,26
Vino tinto Viña Pedrosa Gran Reserva Ribera del Duero,75
Vino blanco albariño Contante Rías Baxias,"9,14"
Vino tinto Prado Enea Muga Gran Reserva Rioja,56
Vino blanco Itsasmendi 7 Bizkaiko Txakolina,14
Vino Tinto Reserva Valenciso Rioja,18
Cava Brut Imperial Gramona Magnum,44
Estuche Selección Abadía de San Quirce Ribera del Duero,69
Vino tinto Cair Ribera del Duero,22
Estuche  vino tinto Habla Par con dos copas Riedel Extremadura,49
Cava Ars Collecta Blanc de Noirs Codorníu,18
Vino tinto Vega Sicilia Unico Reserva Especial Ribera del Duero,395
Vino tinto Granja Remelluri Gran Reserva Rioja,46
Vino oloroso dulce Matusalem González Byass Jerez,36
Caja vinos tintos Corimbo y Bodegas Roda Sela Rioja y Ribera,
Caja vinos tintos Beronia Rioja,
Vino tinto Laderas de La Horra Club del Gourmet Ribera del Duero,"16,169,14"
Vino rosado de Lágrima El Grifo Lanzarote,
Estuche Viña Tondonia Reserva 2006 y Viña Tondonia Blanco Reserva 2005 Rioja,169
"Celebra la Amistad vinos tintos de Rioja, Calatayud, Toro, Navarra y Uncastillo con regalo 6 copas",59
Vino tinto Valbuena 5º 2014 Vega Sicilia Ribera del Duero magnum,272
Caja vinos tintos Viña Lanciano y Rosa Ruiz Rioja y Rías Baixas,62
Vino tinto Vega Sicilia Unico 2005 Ribera del Duero magnum,745
Vino blanco Finca las Caraballas Sauvignon ecológico Castilla y León,"14,5"
Vino amontillado 51-1ª Jeréz-Xérès-Sherry,80
Vino tinto Secastilla Somontano,32
Vino tinto Félix Martínez Cepas Viejas Madrid,16
Vino tinto Lindes De Remelluri Labastida Rioja,14
Vino tinto Imperial de Cvne reserva Rioja botellín,15
Vino blanco Belondrade y Lurton verdejo Rueda,32
Vino blanco Nosso by Menade Castilla y León,12
Vino Tinto Puerto Salinas Alicante,
Vino tinto Ars Nova Navarra,9
Vino blanco Manda Huevos Calatayud,19
Vino Blanco La Zorra,14
Cava Anna Dulce Anna de Cordorniu,13
Vino tinto Arzuaga Reserva Especial 2008 Ribera del Duero,55
Vino tinto Ultreia Saint Jacques Mencía Bierzo Raúl Pérez,"10,13"
Vino blanco lías finas Albanto la Viña de las flores Albarín León,12
Vino tinto La Mejorada Las Cercas Castilla y León,
Vino blanco Txakolí Inazio Urruzola Getaria,8
Vino blanco Marqués de Riscal Limousin,16
Vino tinto Arzuaga reserva Ribera del Duero,"35,7"
Vino tinto etiqueta azul Marqués de Valdueza Extremadura,19
Cava Tantum Ergo Brut Nature Chardonnay Barrica,
Vino rosado madreado Albanto la Viña de las flores Prieto Picudo León,9
Vino blanco Macizo Cataluña,19
Cava Mites Bio brut reserva ecológico Club del Gourmet,12
Vino tinto Encina Blanca Extremadura,9
Vino tinto Allende Rioja,19
Vino dulce natural crianza Vendimia Tardía La Diva,27
Vino tinto Ucedo Bierzo,33
Vino tinto Encaste Doña Felisa Sierras de Málaga,18
Vino blanco Barco del Corneta Castilla y León,15
Vinos oloroso Fernández-Gao 1750 Palomino Fino Jerez-Xérèz-Sherry,49
Vino tinto 30.000 Maravedíes Madrid,11
Vino blanco Maná Ribera del Guadiana,11
Vino rosado Las Fincas Chivite Navarra,11
Cava Recaredo Terrers Gran Reserva Brut Nature botellín,15
Vino blanco El Grifo Malvasía Colección Lanzarote,
Vino blanco verdejo El Mirador Selección Club del Gourmet Rueda,9
Vino rosado Pinot Noir Impromptu Valencia,19
Vino tinto Evol Jumilla,11
Vino blanco Finca Garabato Selección Valtea albariño Rías Baixas,19
Cava Gran Codorniu Brut Reserva Chardonnay,16
Vino tinto Raso de Larrainzar Navarra,12
Vino blanco Ieup! Bizkaiko Txakolina,9
Vino blanco Señorio de Otxaran Bizkaiko Txakolina,14
Vino tinto Viña Arana reserva 2011 Rioja Edición exclusiva CG,18
Vino blanco Nisia Las Suertes Rueda,23
Vino rosado Viñas Viejas Marqués de Riscal,29
Cava Titiana Brut Nature vintage Parxet,21
Vino tinto Pago de Carraovejas 2017 Ribera del Duero Magnum,84
Vino tinto Miraculus Ribera del Guadiana,16
Vino tinto Guerinda Navasentero Navarra,9
Vino blanco Godello Avancia Valdeorras,25
Vino tinto Sileo Montsant,12
Vino rosado crianza Coca i Fitó DO Montsant,16
Vino blanco Albariño Leirana Genoveva,21
Vino amontillado Del Duque muy viejo González Byass Jerez,71
Vino dulce de pasas Don PX ''Toro Albalá'' Montilla-Moriles,16
Vino blanco Minius Godello Monterrei,8
Vino blanco Nieva verdejo,7
Vino rosado Cortijo Los Aguilares Sierras de Málaga,10
Vino tinto El Pacto Rioja Tempranillo,"11,59"
Vino blanco albariño Area de Cruz Club del Gourmet Rías Baixas,"13,6"
Vino Tinto Finca Sandoval Manchuela,22
Vino tinto Pesquera Millenium Ribera del Duero,87
Vino tinto Abadía Retuerta Selección Especial Castilla y León Magnum,42
Cava Brut Reserva Pago de Tharsys Millesime Requena,15
Cava Brut Reserva Especial Rosé Dominio Vega,20
Estuche 2 botellas Valduero Reserva Ribera del Duero con decantador,64
Vino tinto Bembibre Dominio de Tares Bierzo,
Vino Manzanilla Pasada Maruja Sanlucar Juan Piñero,21
Vino tinto dulce crianza Recóndita Armonía,18
Vino blanco Vallegarcía Miriade Viognier Montes de Toledo,"9,9"
Vino tinto Pago de Carraovejas Cuesta de las Liebres 2014 Ribera del Duero,179
Vino tinto Acústic Montsant,12
Vino tinto Tierra Calma Madrid,36
Vino tinto Marqués de Griñón Graciano Dominio de Valdepusa,24
Vino tinto Abadía de San Quirce crianza 2014 Ribera del Duero Magnum,29
Cava Vilarnau Gran Reserva Vintage,
Cava rosado pinot noir Gran Codorniu Brut Vintage,16
Cava rosado Agusti Torello Mata Trepat,14
Vino tinto Mazacruz Cima Dehesa de los Llanos,"14,13"
Vino tinto crianza Jaspi Maragda DO Montsant,16
Estuche Vino Prado Enea Gran Reserva Muga Rioja,99
Vino dulce Pedro Ximénez Noé Muy Viejo González Byass Jerez,71
Vino tinto crianza Alexander vs The Ham factory Ribera del Duero,24
Vino dulce Capuchina Vieja Sol de Málaga,22
Vino Tinto Cervoles Costers del Segre,22
Estuche vino tinto Marqués de Cáceres Gaudium Reserva Rioja,83
Vino tinto Coca i Fitó Carinyena Montsant,32
Vino fino La Bota de Amontillado Nº 58 Equipo Navazos,49
Vino dulce Gramona Vi de Glass Riesling,19
Vino blanco Viñas de Vero Clarión Somontano,20
Vino tinto Salanques Priorato,34
Vino tinto Corimbo I Ribera del Duero,43
Vino tinto Ampurdan Finca Malaveina Perelada,20
Vino Palo Cortado Apóstoles González Byass,71
Vino amontillado Jerez 30 años Quo Vadis Manzanilla-Sanlúcar de Barrameda,92
Vino rosado Albret,9
Vino dulce Bf Maestro Doña Felisa Sierras de Málaga,13
Vino espumoso reserva At Roca Penedés,24
Vino tinto F. Schatz Petit Verdot,35
Vino fino en rama del Puerto de Santa María Lustau Jerez,16
Vino blanco Picarana Madrid Marañones,13
Vino tinto El Piano Navarra,10
Vino tinto Supernova Mantonegro Mallorca,17
Vino tinto Tolo do Xisto Ribeira Sacra,29
Vino dulce Moscatel Emilin,20
"Colección Viña Pomal Rioja - Edición especial, Compromiso y Centenario",
Vino tinto Geol Tomàs Cusiné Costers del Segre,19
Vino blanco Txakolí Aitaren Getaria,27
Vino blanco ecológico Ad Gaude,16
Vino tinto Com Tu Montsant,42
Vino tinto ecológico Rayuelo de Altolandon Manchuela,9
Vino tinto Monastrell 100% Ecológico Lavia Bullas,21
Cava finca Can Marti Torelló,18
Vino Palo Cortado Almacenista Cayetano del Pino Lustau Jerez,15
Vino dulce Pedro Ximénez Noé González Byass Jerez,36
Vino tinto Mengoba Mencía y Alicante Bouschet Bierzo,17
Vino blanco Finca La Colina Sauvignon blanc Rueda,13
Vino blanco albariño Nora da Neve fermentado en barrica Rías Baixas,26
Vino blanco Godello Pezas da Portela Valdesil Valdeorras,24
Vino Palo Cortado Tradición Vors 30 años Jerez,79
Vino tinto Altos de Losada reserva Bierzo,16
Vino tinto Ariana El Grifo Lanzarote,21
Vino tinto La viña de mi madre Albret reserva Navarra,25
Vino tinto Real de Asua reserva Rioja,59
Vino tinto Delicia de Baco Rioja Alta,19
Vino tinto Beronia Gran reserva Rioja,20
Vino tinto crianza Tocat i Posat Emporda,28
Vino tinto vendimia seleccionada Rayos Uva Rioja,12
Vino tinto Coca i Fitó Garnatxa Montsant,32
Vino dulce Nº3 Viejas Viñas Sierras de Málaga,53
Vino rosado Albert Vilarnau Penedés,7
Cava Albert Vilarnau,34
Vino blanco Blue Moscatel MDO Navarra,5
Vino tinto de Familia Cebreros Castilla y León,29
Vino tinto Malleolus Valderramiro Ribera del Duero,82
Vino tinto Pago de Valtarreña Carmelo Rodero Ribera del Duero,48
Caja vinos tintos Monastrell Crápula Jumilla,
Vino rosado ecológico Gran Caus,17
Vino tinto Dofí Priorato,114
Vinto tinto Lanzaga Viñedos Telmo Rodríguez Rioja,22
Vino tinto Carmelo Rodero Reserva Ribera del Duero,32
Vino tinto Pago de Cirsus seleccion de familia Reserva Navarra,22
Vinto tinto Calvario 2008 Rioja,98
Cava Prestigie Cuvèe Nature Reserva Dominio Vega,28
Vino tinto Sierra Cantabria colección privada Rioja,31
Vino tinto Las Rocas Somontano,15
Vino tinto Maravides Tierra de Castilla,"15,15,15"
Vino tinto 500 Manos Cariñena,12
Vino blanco Le Domaine de Abadía Retuerta Castilla y León,"35,5"
Vinot tinto Ninín Ribera del Duero Tempranillo,9
Vino blanco Godello Crego e Monaguillo Monterrei,9
Vino tinto Sorrasca Almansa,16
Vino tinto Syrah - Shiraz Enate Somontano,
Vino tinto Grillo Somontano,37
Vino fino Tío Pepe Tres Palmas Jerez,32
Caja mixta vinos Vol d'Ánima Raimat Costers del Segre,
Vino tinto Dehesa del Carrizal Cabernet Sauvignon,16
Vino palo cortado Apóstoles González Byass Muy Viejo Jerez,36
Vino dulce Pedro Ximénez Muy Viejo de la Casa Ximénez-Spínola Jerez,64
Cava Mastinell Brut Rosè Reserva,19
Vino blanco de Valencia Impromptu Sauvignon Blanc,20
Vino blanco Milmanda Conca de Barberà,65
Vino blanco Chardonnay Flor D'Espiells Juve & Camps Penedés,18
Vino tinto Juan Gil etiqueta plata Jumilla Magnum,29
Cava Brut Reserva Parxet,13
Espumoso de baja graduación Moscato Ochoa MdO Navarra,17
Vino tinto Montecastro Ribera del Duero,24
Vino blanco Godello The Orange Republic The Wine Gurus Valdeorras,16
Vino Dulce de Jerez Oloros solera 1842 Valdespino Jerez,29
Vino tinto Bruto Monastrell Jumilla Juan Gil,"39,59"
Vinto tinto MMM Macho Man Monastrell The Wine Gurus Jumilla,"19,37,18,14,18,11,24"
Vino tinto Bucamel Tierra de Castilla,15
Vino tinto Syrah Hacienda Zorita,"15,16"
Vino blanco José Pariente Sauvignon Blanc Rueda,10
Vino tinto Mácula Navarra,14
Vino blanco Acústic Montsant,12
Vino fino La Bota Nº 68 Equipo Navazos Jerez,33
Vino blanco albariño Maio 5 de Lagar de Costa DO Rias Baixas,26
Vino tinto Reina de los Deseos Madrid Comando G Uvas Felices,64
Vino tinto Vetas Selección Sierras de Málaga,34
Vino tinto Suerte del Rey Selección Extremadura,12
Vino dulce maestro viña Axarkía Moscatel,9
Vino tinto Tolo do Xisto Ribeira Sacra,16
Vino tinto Morlanda Vi de Guarda crianza Priorat,25
Cava Gran Reserva de Paraje Can Sala Freixenet,69
Vino blanco fermentado en barrica Tomás Postigo Castilla y León,21
Vino tinto Val Llach I dus Priorato,33
Vino tinto Avancia Valdeorras,31
Vino blanco Los Loros sobre lías Valle de Güímar,21
Vino tinto Clos Martinet Priorato,69
Vino tinto F.Schatz Sierras de Málaga,28
Vino tinto Abadía de Poblet Conca de Barberá,
Vino tinto Viña Pomal 106 barricas reserva Edición Limitada Rioja magnum,
Vino blanco Val de Nairoa Ribeiro,14
Vino blanco Tagonius Blanc Madrid,8
Vino blanco monovarietal Macabeu Augustus Penedés,"14,4"
Vino tinto Las Gundiñas La Vizcaína El Bierzo Raúl Pérez,19
Vino tinto La Poulosa La Vizcaína El Bierzo Raúl Pérez,19
Vino blanco Abadía de Poblet Conca de Barberá,
Vino tinto La Cueva del Contador Rioja,77
Vino tinto Marqués de Riscal Gran Reserva Rioja Alavesa,46
Vino tinto Dido La Universal Montsant,16
Brut Reserva At Roca Penedés,15
Vino blanco Finca Río Negro Gewurztraminer Guadalajara,13
Vino tinto Nekeas Crianza Navarra,7
Vinto tinto MMM Macho Man Monastrell The Wine Gurus Jumilla Magnum,"37,18,14,18,11,24"
Vino fino Tío Pepe Una Palma Jerez,16
Vino tinto Las Moradas de San Martin libro siete Las Luces Madrid,
Vino tinto Finca Caiz Carrizal Syrah,16
Vino tinto La Bruja de Rozas ecológico garnacha Madrid Comando G,"18,18"
Vino tinto Grans Muralles Conca de Barberá,169
Vino tinto crianza Casa de la Ermita Petit Verdot Magnum Jumilla,29
Vino tinto cataluña Coca i Fitó DO Montsant,32
Vino Fino Amontillado El Tresillo Jerez-Xérès-Sherry,29
Cava Gran Reserva Casa Sala Freixenet,39
Vino blanco Jaspi d'Or,16
Vino tinto ecológico Finca el Molar Syrah Manchuela,11
Vino tinto La Garnacha de Mustiguillo El Terrerazo,"15,4"
Vino tinto Les Crestes Priorato,17
Vino tinto Laderas de Inurrieta Navarra,29
Vino tinto Martinet Bru Garnacha y Syrah Priorato,26
Vino tinto Gran Reserva 904 La Rioja Alta Magnum,98
Cava Reserva especial Chardonnay Rimarts,22
Vino oloroso Don Gonzalo Valdespino Jerez,29
Vino tinto Alión 2015 Ribera del Duero Tempos Vega Sicilia magnum,149
"Vinos tintos Priorato, Montsant y Penedés - Guigo, Brunus y L'Anec Mut Negre",
Vino blanco Món Montesanco Macabeo Utiel-Requena,10
Vino blanco Dos Claveles Montilla Moriles,8
Cava rosé Gran Reserva brut nature AA Mirgin Laietà,19
Vino blanco Pardoxin Prada a Tope Bierzo,21
Vino blanco Enric Soler Penedés,27
Vino tinto Numanthia Toro magnum,84
Vino tinto ¡EA! Tierra de Castilla,9
Vino rosado Haru de Casa Rojo Jumilla,15
Vino Tinto Cabernet Franc de Pago Chozas Carrascal,35
Vino tinto El Rapolao La Vizcaína El Bierzo,19
Vino tinto ecológico La Felisa Emilio Moro Ribera del Duero,28
Vino tinto Malleolus de Sancho Martín Ribera del Duero,115
Vino blanco Nekeas Chardonnay Cuveé Allier Navarra,11
Vino tinto Dehesa del Carrizal Petit Verdot,25
Vino tinto Predicador Rioja,26
Vino Palo Cortado Marqués de Poley Toro Albalá Jerez-Xérès-Sherry,99
Vino fino Jarana Lustau solera reserva Jerez,10
Vino blanco El Gordo del Circo The Wine Gurus Rueda,"11,37,18,14,18,24"
Vino dulce Pedro Ximénez Antique Fernando de Castilla Jerez,34
Vino blanco Envidia Cochina albariño Rías Baixas,18
Vino tinto Clos Mogador Priorato,78
Vino tinto La Garnacha Salvaje del Moncayo,8
Vino blanco La Comtesse Rías Baixas,36
Vino blanco Sanclodio Ribeiro,"10,24"
Vino tinto La Plazuela Tierra de Castilla,33
Vino blanco Allende Rioja,18
Vino tinto Marqués de Griñón Emeritus Valdepusa,58
Vino tinto Castillejos Calvente Andalucía,22
Vino blanco Capitel Ossian,49
Vino tinto  Clos Fontá Priorato,54
Vino tinto Áster Finca El Otero Ribera del Duero,36
Vino tinto Iohannes Juvé y Camps,37
Vino rosado Acrollam Mallorca,13
Vino tinto de Cota 830 Reserva Valencia,17
Vino dulce Pedro Ximénez Vieja Solera Vors 30 años Díez del Mérito Jerez,64
Vino tinto Ánima Negra Mallorca,43
Vino rosado Marqués de Murrieta Primer Rosé Rioja,29
Vino blanco Exceptional Harvas de la Casa Ximénez-Spínola Jerez,19
Vino tinto crianza Pago de Tharsys Utiel-Requena,13
Vino fino 3 en rama de Jerez de la Frontera Lustau,16
Vino tinto Porrera Vi de Vila del Vall Llach Priorato,44
Vino tinto varietal Sinesquema Jumilla,16
Vino manzanilla pasada Pastrana Manzanilla-Sanlúcar de Barrameda,15
Vinos blanco albariño La Viña de Leyre Rías Baixas,13
Vino tinto Mencía Ladrón Bierzo Casa Rojo,22
Vino tinto Dominio de Tares Cepas Viejas Mencía Bierzo Magnum,
Cava Mestres Visol Gran Reserva brut nature,19
Vino tinto Erre Punto Rioja,14
Vino tinto Monastrell 100% Ecológico Lavia,36
Vino Fino Pedro Ximénez 12 años Bertola Jerez-Xérès-Sherry,15
Vino semidulce Corona CVNE Rioja,16
Vino tinto Barbazúl Vino de la Tierra de Cádiz,12
Vino tinto Taberner Nº 1 Cádiz,75
Vino dulce Cristal·lí Alicante,11
Vino tinto de Pago Finca Terrerazo,25
Cava Mastinell Reserva Especial Brut Nature Carpe Diem,20
Vino blanco El Jardín de Lucia albariño Rías Baixas,15
Vino blanco Marqués de Alella Allier,18
Vino tinto Cyan Prestigio Toro,27
Vino tinto Malpaso Méntrida,12
Vino blanco Gramona Vi de Glass Gewürztraminer,19
Vino tinto Chivite Colección 125 Reserva Navarra,25
Vinto tinto Número Nueve Ribera del Queiles,12
Vino tinto Matarromera Prestigio 2011 Ribera del Duero,54
Vino tinto Brezo de Grégory Pérez Mencía Bierzo,9
Vino tinto Cirsion Rioja 2012,179
Vino tinto Contador Rioja 2012,279
Vino tinto Les Cousins Sagesse Priorato,26
Vino tinto Maquinon The Wine Gurus Priorato,"18,37,14,18,11,24"
Vino Dulce de Pedro Ximénez Niños Valdespino,95
Vino dulce de Jerez Moscatel Viejísimo Valdespino,119
Vino tinto Gaudium Reserva Marqués de Cáceres Rioja,39
Vino tinto Predicador Rioja Magnum,59
Vinto tinto Valtuille Cepas Centenarias Bierzo,26
Vino tinto Marqués de Vargas selección privada Rioja,42
Vino tinto Pago de Carraovejas El Anejón 2011 Ribera del Duero,89
Vino oloros seco Alfonso Jerez,8
Vino tinto Figuero Viñas Viejas 2009 Ribera del Duero,59
Vino tinto Depaula Monastrell Jumilla,9
Vino manzanilla de Sanlucar Maruja Juan Piñero,9
Vino blanco Gargalo Treixadura & Albariño Monterrei,15
Vino tinto Dehesa de los Canónigos reserva Ribera del Duero magnum,89
Vino rosado Viñas de Anna Flor de Rosa Cataluña,4
Cava Gran Reserva semi-dulce Gramona Postre,12
Vino blanco Davila M100 Rías Baixas,19
Vino tinto Lanzaga LZ Rioja,9
Vino Frank Gehry reserva 2012 Marqués de Riscal Rioja,"299,699,72"
Vino tinto Casa Castillo Monastrell Jumilla,8
Vino blanco Fai un Sol de Carallo Ribeiro,74
Vino blanco monovarietal Xarel·lo Augustus Penedés,9
Vino tinto Monastrell Pie Franco Josede,12
Vino blanco Avancia Valdeorras,23
Vino oloroso viejísimo Sibarita Jerez,80
Vino tinto 3 parcelas Tarsus Ribera del Duero,44
Vino blanco Encina Blanca de Alburquerque Extremadura,9
Vino tinto Vega Sicilia Valbuena 5ª 2008 Ribera del Duero,119
Vino tinto Tarabelo Ribeiro,15
Vino tinto Valduero 2010 Ribera del Duero,48
Vino blanco de Galicia Máis Alá Godello Valdeorras,21
Vino tinto Gladiator Ribera del Guadiana,19
Vino blanco Cien Montañas Albarín Cangas,14
Vino tinto Castaño Dulce Yecla,13
Vino tinto Maduresa Valencia,16
Vino tinto Hacienda El Ternero Selección Rioja Tempranillo,14
Vino tinto Marqués de Griñón Petit Verdot Valdepusa,25
Vino tinto Corimbo Ribera del Duero,21
Vino tinto Blecua Somontano,69
Vino tinto Abadía Retuerta Pago Negralada,73
Vino tinto Beronia Selección 198 Barricas Reserva Rioja,24
Vino tinto Roda reserva Rioja botellín,18
Vino tinto Protos reserva Ribera del Duero,25
Vino tinto crianza Muga Rioja botellín,9
Vino tinto El Regalo de Izadi reserva Rioja,20
Vino tinto Ochoa gran reserva Navarra,24
Vino tinto Pérez Pascuas Gran Selección 2010 Ribera del Duero,214
Vino tinto Contino Graciano Reserva Rioja,59
Vino palo cortado Leonor González Byass Jerez,26
Vino tinto Tocat de l'ala Empordá,12
Vino fino Dos Palmas Jerez,24
Vino dulce Ochoa Moscatel Vendimia Tardía Navarra,14
Vino dulce Pedro Ximénez Tradición 20 años Jerez,69
Vino dulce Pedro Ximénez Don PX Gran Reserva ''Toro Albalá'' Montilla-Moriles,33
Vino amontillado Tradicion 30 años Jerez,59
Vino blanco Viñas del Vero Gewürztraminer Somontano,10
Vino manzanilla clásica Fernando de Castilla Jerez,8
Vino blanco L'Equilibrista Cataluña,17
Vino manzanilla Papirusa Lustau reserva solera Sanlúcar de Barrameda,11
Vino oloroso Tradición Vors 30 años Jerez,58
Vino tinto Victorino Toro,41
Vino tinto Alabaster Toro,144
Vino tinto Almirez Toro,17
Vino tinto Petit Hipperia Tierra de Castilla,14
Cava Gran Reserva Brut Ars Collecta Jaume Codorníu,38
Vino tinto Reserva Moisés Toro Magnum,45
Vino tinto Teso La Monja Toro 2009,1.272
Vino tinto Viña Pedrosa La Navilla reserva Ribera del Duero,32
Vino tinto Hacienda Monasterio Reserva 2014 Ribera del Duero,49
Vino blanco El Gordo del Circo The Wine Gurus Rueda Magnum,"24,37,18,14,18,11"
Vino tinto Sela Bodegas Roda Rioja,16
Vino espumoso moscatel Botani Sierras de Málaga Jorge Ordoñez,10
Vino tinto Trasnocho reserva Remirez de Ganuza Rioja,85
Cava Brut Imperial Gramona,18
Vino tinto Contino Gran Reserva Rioja,39
Vino tinto Cepa 21 Ribera del Duero,19
Vino tinto Abadal 3.9 Vi de Finca Pla de Bages,25
Vino tinto ecológico Entredicho Sierra de Segura Jaén,14
Vino blanco Marqués de Riscal Barón de Chirel Verdejo Viñas Centenarias Castilla y León,42
Cava Dominio Vega Authentique brut nature reserva especial,20
Estuche Vino tinto Beronia Selección 198 Barricas reserva Rioja con sacacorchos,45
Vino tinto Mil Cepas Castilla Tierra de Castilla,22
Cava Brut Rosé Albert Vilarnau,12
Estuche 2 botellas Cava Juvé & Camps Reserva de la Familia Brut Nature,31
Vino Blanco Gran Reserva Castillo Ygay,495
Vino blanco Finca Calvestra Mustiguillo,17
Cava Gorgona Medusa Brut Nature Pago de Tharsys,19
Vino blanco Vermentino Delea a Marca Andalucía,9
Vino oloroso VORS Lustau Jerez,48
Vino tinto Pinot Noir de Utiel Requena Bassus,19
Vino palo cortado Vors Lustau,48
Vinto tinto Finca Río Negro 5º año 2012 Castilla La Mancha,"26,15,15"
Cava Gran Torelló Brut Nature Gran Reserva,29
Vino tinto Cueva del Monge Rioja,17
Vino tinto Abadía Retuerta Selección Especial Castilla y León,23
Vino blanco monovarietal malvar La Malvar,13
Vino amontillado Vors Lustau Jerez,48
Vino tinto Las Reñas Selección Bullas,15
Vino La Bota de Palo Cortado 75 ''Sanlúcar'' Equipo Navazos,57
Vino tinto Artadi Viña El Pisón 2014 Rioja,492
Vino tinto Valtosca Jumilla,18
Vino tinto Alvaro Palacios Finca Dofí 2016 Priorato,84
Vino tinto Pingus 2016 Dominio de Pingus Tempranillo Ribera del Duero,1.290
Vino tinto Pingus 2016 Dominio de Pingus Tempranillo Ribera del Duero magnum,"2.649,298"
Vino tinto La Faraona 2015 Bierzo,1.465
Vino tinto Gratallops de Álvaro Palacios Priorato,48
Vino tinto Pesquera reserva Ribera del Duero Magnum,62
Vino tinto Antídoto Ribera del Duero,"15,75"
Cava Juvé & Camps Colección Cruise by Sergio Mora Reserva de la Familia ecológico Brut Nature con caja,99
Vino tinto En sus Trece Calatayud de El escocés volante,"19,10,19"
Cava Gran Reserva Brut Nature Leopardi Llopart,23
Vino rosado Scala Dei Pla dels Àngels Priorato,24
Vino tinto Cepa 21 Ribera del Duero magnum con caja,44
Vino tinto Artadi El Carretil 2016 Tempranillo Rioja Alavesa,249
Vino tinto Artadi Valdeginés 2016 Tempranillo Rioja Alavesa,57
Vino tinto Montcabrer Alicante,19
Vino blanco Termes Malvasía Toro,21
Vino tinto Pago de Carraovejas El Anejón 2014 Ribera del Duero,97
Vino tinto Arx Tesalia Cádiz,22
Vino rosado Pinot Noir Viñas del Vero Pago Las Almunietas Somontano,9
Vino tinto Termanthia Magnum,750
Vino tinto Finca Vallobera Rioja,15
Vino tinto El Regajal Selección Especial Madrid,14
Vino tinto Embruix Val Llach Priorato,17
Vino tinto 12 Volts Mallorca,17
Vino tinto Altos de La Finca Tierra de Castilla,17
Estuche 2 botellas vino espumoso rosado Edoné Rosé Gran Cuvée 2016 Tierra de Castilla + 2 copas,35
Vino tinto Peraj Ha'abib Flor de Primavera Montsant,29
Vino tinto Finca San Cobate Ribera del Duero,19
Estuche 2 botellas vino tinto Maravides 2017 Tierra de Castilla con 2 copas,33
Vino tinto Valduero Una Cepa Ribera del Duero,35
Estuche 2 botellas vino espumoso Edoné Gran Cuvée 2015 Tierra de Castilla  con 2 copas,34
Vino blanco Txacoli de Marqués de Riscal Getaria Txacolina,13
Vino tinto Cosme Palacio reserva viñedos viejos Tempranillo Rioja,24
Vinto tinto Tr3smano Tempranillo Ribera del Duero,35
Vino tinto Dehesa de los Canónigos crianza Ribera del Duero magnum,45
Colección Benjamín Romeo Rioja,890
Vino blanco Getariako Txacolina Txakolí Rezabal Arri,10
Pedro Ximénez 30 años Viejísimo VORS Venerable Jerez,80
Vino tinto Valderiz Ribera del Duero,18
"Estuche colección vino tinto Selección Especial, Crianza y Roble Convento San Francisco Ribera del Duero",54
Vino Blanco de La Sierra de Salamanca La Zorra Raro 8 Vírgenes,9
Vino tinto CVC Sierra Cantabria Rioja Colección de tres añadas,795
Vino blanco El Transistor Rueda,"18,6"
Vino tinto M2 de Matallana Ribera del Duero,24
Vino tinto Reserva Quod Superius Utiel Requena,45
Vino La Bota de Manzanilla 71 Equipo Navazos,27
Vino tinto Gran Claustro Empordà,40
Vino tinto Milú Ribera del Duero,8
Vino blanco Txacolí Itsasmendi,9
Vino Tinto Selectus Castilla La Mancha,19
Vino amontillado Del Duque Jerez,36
Vino tinto Las Rocas Calatayud,8
Vino tinto Abadia de San Quirce Ribera del Duero,10
Vino blanco Quinta Apolonia Belondrade Castilla y León,18
Vino Tinto Bierzo Carracedo,17
Vino manzanilla pasada en rama Solear saca de primeravera Manzanilla-Sanlúcar de Barrameda,12
Vino Blanco de Cataluña Pardas,21
Vino blanco Mais Cunqueiro Ribeiro,"12,5"
Vino Blanco Vía Edetana Terra Alta,16
Vino tinto Viuda Negra crianza Rioja,12
Vino Espumoso Recaredo Serral del Vell Brut Nature de larga crianza ecológico Corpinnat,39
Vino blanco Menade Sauvignon Blanc ecológico Rueda,"14,12"
Vino blanco La Marimorena The Wine Gurus Rías Baixas,"14,6"
Vino esmpumoso Recaredo Terrers Brut Nature de larga crianza ecológico Corpinnat,22
Brut Reserva ecológico At Roca Penedés,14
Vino Palo Cortado Península Lustau Jerez,23
Vino blanco Marqués de Riscal Sauvignon Blanc Organic Rueda,9
Vino rosado Cesilia Vinalopó Alicante,11
Vino fino Tradición Jerez,25
Vino rosado Marqués de Riscal Rioja,6
Vino tinto Le Naturel Navarra,7
Vino tinto Viñas del Cámbrico Salamanca,13
Vino tinto Finca Moncloa Cádiz,16
Vino tinto El Recio Matsu Toro,14
Vino tinto Alto Moncayo Campo de Borja,36
Vino tinto Guelbenzu Evo Ribera del Queiles,14
Vino tinto Alto Moncayo Veraton Campo de Borja,24
Vino tinto El Nido Juan Gil Jumilla,141
Vino tinto Ánima Negra ÀN/2 Mallorca,18
Vino tinto Viña Ardanza reserva Rioja,22
Vino tinto Marqués de Riscal Barón de Chirel reserva Rioja,69
Caja vinos blancos Santiago Ruiz y Aura Rías Baixas y Rueda,
Cava Albert Vilarnau fermentado en barrica,34
Estuche colección tintos Winery Arts Ribera del Queiles,34
Vino tinto Casa de la Viña Tempranillo Edición Limitada La Mancha,11
Vino tinto Mirto reserva Rioja,39
Vino tinto Manuel Manzaneque Cabernet Sauvignon Finca Élez,17
Vino blanco Ultreia Godello Bierzo Raúl Pérez,13
Vino tinto Finca Casilla Herrera Bassus,24
Vino espumoso Reserva Pago de Tharsys Único Utiel-Requena,30
Cava Castell Sant Antoni Gran Reserva Brut Nature,19
Vino tinto Món Montesanco Bobal Utiel-Requena,26
Vino blanco Viognier Carrascas Tierra de Castilla,12
Vino tinto Termes Toro,24
Vino tinto Páramo de Legaris Ribera del Duero,22
Vino tinto Estrecho Alicante,26
Vino de autor Gran Lerma Arlanza,18
Vino blanco Leirana Albariño Rías Baixas,13
Vino tinto Milagros de Figuero Ribera del Duero,43
Vino tinto Comenge Reserva Ribera del Duero,19
Vino tinto El Músico 12 meses en barrica León,22
Vino tinto Emina Prestigio Ribera del Duero,22
Vino tinto Ultreia de Valtuille Mencía Bierzo Raúl Pérez,39
Vino tinto Viña Ardanza Reserva Rioja Magnum,54
Vino blanco Gorka Izagirre Bizkaiko Txakolina,9
Vino tinto Salmos Priorato,33
"Estuche 3 botellas El Puntido 2007, Sierra Cantabria Colección Privada 2007 y San Vicente 2007 Familia Euguren Rioja",120
Estuche vinos Ultreia de Raúl Pérez Bierzo,65
Vino tinto Juan Gil 18 meses Selección Club del Gourmet Jumilla,26
Vino tinto Aro de Muga Rioja,149
Vino tinto ecológico El Pícaro del Águila Ribera del Duero,22
Cava Gran Juvé & Camps brut Gran Reserva,37
Vino dulce de naranja Oliveros Condado de Huelva,9
Vino generoso Pedro Ximénez Premium Fernando de Castilla Jerez,17
Caja 2 botellas vino rosado Chiringuito de Playa con cerámica Porrón Molón,49
Vino oloroso viejo Antique Jerez-Xerez-Sherry,28
Vino tinto Reserva Ad Gaude,29
Vino tinto Señorío de Andión Navarra,19
Vino tinto Valdesil Valderroa,13
"Caja vinos tintos Izadi, Finca Villacreces y Vetus Rioja, Ribera y Toro",13
Vino tinto Parajes de los Vidrios Madrid,15
Vino de Jerez Oloroso Solera de su Majestad Valdespino,88
Vino tinto Mauro V.S. Castilla y León Magnum,149
Vino oloroso viejo de Jerez Villapanes Emilio Hidalgo,28
Vino blanco Hacienda El Caserío Navarra,8
Vino blanco espumoso albariño Vcuvee especial Valtea,19
Vino Blanco Ribeiro Atlántico El Paraguas,19
Vino tinto Edén Ribera del Guadiana,25
Vino tinto Davila Castañal C100 Rías Baixas,19
Vino tinto Pagos del Galir Rosa Rivero crianza Valdeorras,14
Vino tinto Malpuesto Rioja,34
Vino blanco joven Tocat de l'Ala DO Emporda,10
Vino tinto Scala Dei Cartoixa Priorato,
Vino tinto dulce Olivares Jumilla,19
Vino blanco V Malcorta Javier Sanz Viticultor Rueda,17
Vino tinto garnacha L'Equilibrista Cataluña,20
Vino tinto L'Equilibrista Cataluña,16
Vino tinto Venus La Universal Montsant,43
Vino tinto Reserva XR de Marqués de Riscal Rioja,39
Estuche dos botellas 125 Aniversario Bodegas Palacio Rioja,25
Vino amontillado Bertola Jerez,14
Vino tinto Legado de Gala Placidia Cariñena,24
Vinto tinto El Primero Cunqueriro,29
Vino tinto Galena Priorato,23
Vino tinto Cirsion Rioja,199
Vino blanco Godello con crianza Ultreia La Claudina Bierzo Raúl Pérez,32
Vino tinto Frontonio Valdejalón,16
Vino tinto Carmelo Rodero Reserva Ribera del Duero magnum,75
Vino tinto Pricum Paraje de El Santo Prieto Picudo León,25
Vino fino Sherry Bertola Jerez,10
Vino rosado La Huella de Aitana Navarra,11
Vino blanco Colección Privada Felix Azpilicueta Rioja,19
Cava Masía Segle XV Gran Reserva Brut Nature Rovellats,23
Vino amontillado Marqués de Poley 1951 Toro Albalá,164
Vino tinto Emilio Valerio Navarra,9
Vino Tinto Petit Vetas Sierras de Málaga,42
Vino blanco Lunares Sierras de Málaga,12
Vino blanco Remírez de Ganuza Reserva Rioja,29
Vino tinto Alaya Tierra Almansa,"29,4"
Vino amontillado Coliseo Valdespino Jerez,93
Vino tinto Terreus Paraje de Cueva Baja bodegas Mauro,99
Vino blanco Oluar do Sil Pago de los Capellanes Godello sobre lías Valdeorras,17
Vino blanco Viognier Vallegarcía Montes de Toledo,19
Vino blanco Gramona Gessami Penedés,11
Vino tinto F. Schatz Finca Sanguijuela Sierras de Málaga,27
Vino semidulce Malvasía Bermejo Lanzarote,17
Vino dulce Chivite Colección 125 vendimia tardía Navarra,29
Vino blanco Gramona Chardonnay Penedés,12
Vino rosado Gran Feudo Edición Navarra,8
Vino blanco Marqués de Riscal Finca Montico verdejo Rueda,14
Vino tinto Aquilón Campo de Borja,129
Vino tinto La Zorra Vieja Selección Especial 20 barricas Castilla y León,16
Vino rosado Belondrade Quinta Clarisa Castilla y León,11
Vino tinto Viña Pedrosa Reserva Ribera del Duero,42
Vino tinto La Garnacha Olvidada de Aragón Calatayud,10
Vino tinto Toraltus selección especial 2014 Toro Club del Gourmet,15
Vino blanco Doniene Bizkaiko Txakolina,24
Vino tinto La Zorra Castilla y León,12
Vino rosado Ochoa vendimia seleccionada Navarra,7
Vino tinto Heritage Convento de Las Claras Ribera del Duero,
Vino tinto crianza Casa de la Ermita Petit Verdot Jumilla,18
Vino tinto Haragán Ribera del Guadiana,21
Vino rosado espumoso Brut Nature Ocnos Andalucía,12
Vino tinto Felix Azpilicueta Colección Privada Rioja,23
Vino tinto crianza Salinas 1237 Alicante,51
Vino tinto ecológico Finca el Molar Selección Manchuela,13
Vino tinto Mas d'en Compte Priorato,22
Vino rosado El Grifo Lanzarote,11
Vino blanco selección Finca Monte Alto Fillaboa Rías Baixas,"17,7"
Vino blanco La Mar Rías Baixas,22
Vino Blanco Verdejo Pie Franco D.O. Rueda,11
Vino blanco albariño Organistrum Rías Baixas,18
Vino blanco Valdesil Godello sobre lías Valdeorras,13
Vino blanco Davila L-100 Rías Baixas,19
Vino rosado Tombú Castilla y León,"9,19"
Vino tinto Licinia Crianza Madrid,24
Vino tinto 575 Uvas de Cámbrico Salamanca,21
Vino tinto Xestal Mencía Bierzo,15
Vino tinto Thermanthia 2013 Toro,234
Vino tinto Principe de Viana 1423 Reserva Navarra,21
Vino tinto Pago de los Capellanes crianza Ribera del Duero Magnum,"42,7"
Vino tinto Abadia de San Quirce Finca Helena Ribera del Duero,58
Vino blanco Malkoa Txakolí de Álava,32
Vino tinto Figuero Viñas Viejas Ribera del Duero,26
Vino tinto María de Alonso del Yerro Ribera del Duero,52
Cava rosado Martínez brut nature,13
Vino espumoso Encina Blanca de Alburquerque Brut Nature Extremadura,8
Vino blanco Rioja Sierra de Cantabria,16
Vino tinto Garmón Ribera del Duero,37
Vino tinto 4ª Generación Don Bernardino Ribeira Sacra,15
Vino tinto Lavia+ viñedos de altura Monastrell-Cepas Viejas Bullas,
Vino generoso Palo Cortado viejo Antique Jerez-Xerez-Sherry,35
Vino tinto Gran Reserva Sueño de Megala Valencia,30
Vino blanco crianza Cantallops Xarel.lo AT Roca Penedés,23
Vino tinto Finca Sellés Monastrell Alicante,7
Vino tinto Roda reserva Rioja,28
Vino tinto Bruma del Estrecho Finca Mandiles,17
Vino dulce Pedro Ximénez Lustau VOS 20 años Jerez,48
Cava Brut Nature Oriol Rossell,27
Vino tinto ecológico Bobal serie Wild Utiel Requena,13
Vino tinto El Hombre Bala Garnacha Madrid Comando G,"18,6,18"
Cava Brut Gran Reserva Agustí Torelló Mata,
Vino tinto Imperial Cune Gran Reserva Rioja,48
Vino tinto Viña Pomal Reserva Terruño Centenario Rioja,21
Vino tinto Manto Negro Crianza Gallinas & Focas Mallorca,22
Vino tinto Pago El Espino Sierras de Málaga,20
Vino tinto Cortijo Los Aguilares Sierra de Málaga,12
Vino tinto Moisés Gran Vino Toro,"23,16"
Vino blanco Caserío de Dueñas superior en rama verdejo Rueda,15
Cava Tantum Ergo pinot noir barrica,
Vino blanco Pastoriega verdejo Selección Club del Gourmet Rueda,14
Vino tinto Finca Azaya Castilla y León,23
Vino tinto Anibal de Otero Viña Centenaria Bierzo,30
Vino blanco espumoso Cuvée Extra Brut Esplendor de Vardon Kennett,35
Vino tinto Maneras de Vivir Valencia,17
Vino dulce de Alicante Fondillón 1996,58
Vino blanco Calvente Guindalera Granada,14
Vino tinto Capricho de Landaluce Rioja,22
Vino tinto Altocielo Sierras de Málaga,17
Vino tinto La mujer Cañón Garnacha Madrid Comando G,74
Vino tinto Castaño Colección Yecla,13
Vino tinto Rectoral de Amandi Manolo Arnoya Ribeira Sacra,20
Vino blanco crianza Cérvoles Blanc Costers del Segre,25
Vino Moscatel Señorío de Andión Navarra,33
Vino tinto Lavia viñedos de altura Monastrell-Syrah Bullas,9
Vino tinto Guerinda Tres Partes Navarra,8
Vino Tinto Terra do Gargalo Carballo Monterrei,23
Vino tinto crianza Sol de Alicante,13
Vino tinto Abadia de San Quirce Reserva Ribera del Duero,
Vino tinto Marqués de Griñón Syrah Valdepusa,28
Vino blanco Abadal Picapoll Pla de Bages,13
Vino blanco Lapola Ribeira Sacra,21
Vino tinto El Viejo Matsu Toro,"32,6"
Vino tinto Lalama Ribeira Sacra,18
Vinto tinto Seis al Revés Ribera del Queiles,9
Vino tinto Nekeas Navarra,10
Cava Brut Nature Rania Bodegas H Calvente Granada,14
Vino tinto Altos de Inurrieta reserva Navarra,13
Vino tinto Cosme Palacio crianza Rioja Alavesa,
Vino tinto Pago de Larrainzar Reserva Especial Navarra,25
Vino tinto Matarromera Gran Reserva Ribera del Duero,77
Vino tinto Viña Albina Gran Reserva Rioja Alta,23
Vino tinto Olivier Rivière El Cadastro,29
Vino tinto Gonzaga Club del Gourmet Rioja Alta Magnum,35
Vino tinto Artadi  Viñas de Gain Selección de Añada Rioja Alavesa,22
Vino blanco Ossian verdejo agricultura ecológica Castilla y León,32
Vino blanco floral At Roca Penedés,10
Vino tinto Valtravieso VT Ribera del Duero,27
Vino tinto Dominio de Atauta Crianza Ribera del Duero,29
Vino blanco verdejo Loess Rueda,9
Vino blanco José Pariente Verdejo fermentado en barrica Rueda,16
Vino tinto El Puntido reserva Rioja,37
Vino tinto 12 Linajes Reserva Ribera del Duero,26
Vino tinto Nabal Alta Expresión Tempranillo Ribera del Duero,22
Vino tinto Puente del Ea Rioja,9
Vino tinto Dehesa de los Canónigos Solideo reserva Ribera del Duero,48
Vino fino Solera 10 años Pedro Ximénez Eléctrico Montilla-Moriles,9
Vino blanco Ribeiro Leive Paradigma,15
Vino blanco Moscatel Sol de Alicante,7
Vino blanco A Coroa Lías Valdeorras,14
Vino tinto Penya Cadiella Alicante,12
Vino rosado Naranjas Azules,8
Vino tinto Fuentes del Silencio Castilla y León,19
Vino tinto Mira Salinas Alicante,17
Vino tinto Huno Blend Ribera del Guadiana,13
Vino tinto Guelbenzu Azul Ribera del Queiles,7
Vino tinto Viña al lado de la Casa Castaño Yecla,15
Cava Brut Nature Reserva 24 Rimarts,12
Vino tinto A Mi Manera Benjamín Romeo Rioja,14
Vino tinto Marqués de Riscal Finca Torrea Rioja,27
Vino blanco Albillo Real Las Moradas Madrid,14
Vino tinto Vetas Junior Sierras de Málaga,11
Vino rosado Pavina rosé Pinot Noir Castilla y León,8
Vino fino clásico Fernando de Castilla Jerez,8
Vino blanco Cloe Doña Felisa Sierras de Málaga,14
Vino fino La Panesa Emilio Hidalgo Jerez,29
Vino rosado ecológico Saó Costers del Segre,8
Vino tinto Protos gran reserva Ribera del Duero,45
Vino dulce Lustau East India Solera Jerez,18
Cava Brut Nature Gran Reserva Gramona III Lustros,34
Vino tinto Villa de Corullón J Palacios Bierzo,48
Vino blanco Gramona Mustillant Brut,7
Vino dulce Pedro Ximénez San Emilio Lustau Jerez,20
Vino blanco La Revelía de Emilio Moro Bierzo,25
Vino tinto Txakolí Eklipse Itsasmendi Bizkaiko Txakolina,19
Vino tinto Laderas de Anguix Club Gourmet Ribera del Duero Magnum,36
Vino blanco Predicador Rioja,"24,9,23"
Vino espumoso Edoné Rosé Gran Cuvée,"15,15,15"
Vino Rosae Arzuaga Ribera del Duero,11
Vinos blancos Austum y Bruberry  Rueda y Montsant,
Vino tinto Martelo Reserva Rioja,24
Cava Anna de Cordorniu Blanc de Blancs Brut,13
Vino rosado Enrique Mendoza Monastrell Alicante,10
Cava Juvé & Camps Reserva de la Familia Brut Nature,16
Vino tinto crianza Prieto Picudo Pricum Margón León,19
Vino tinto ecológico Habla Impar Extremadura,22
Estuche de 3 botellas Malleolus Emilio Moro Ribera del Duero,94
Vino dulce moscatel Pago de Cirsus Navarra,18
Vino tinto crianza Ochoa Serie 8a Mil Gracias Navarra,13
Estuche 3 botellas vino tinto Barón de Ley Varietales Rioja,37
Estuche 2 botellas vino tinto Viña Pomal 106 Barricas con copas Rioja,45
Vino blanco Brezo de Grégory Pérez Godello Bierzo,11
Cava Gran Reserva Brut Imperial Llopart,18
Vino blanco Albariño Pazo Pegullal Rías Baixas,12
Vino tinto La Loba Ribera del Duero,28
Vino blanco joven Jaspi Blanc con DO Terra Alta,9
Vino manzanilla en rama Goya XL Delgado Zuleta Sanlúcar de Barrameda,21
Vino blanco Juan Gil Moscatel seco Jumilla,6
Vino tinto dulce Amantia uva de hielo Castilla y León con estuche,27
Vino tinto Mencía Losada Bierzo,12
Vino tinto Razamonde Ribeiro,13
Vino blanco Finca Las Caraballas Verdejo ecológico Rueda,"13,5"
Vino fino Eléctrico Pedro Ximénez Montilla-Moriles,15
Vino tinto Bozeto de Exopto Rioja,"9,13"
Vino tinto Enate varietales Somontano,
Vinto tinto Finca Casa La Borracha Utiel-Requena,
Vino tinto Viña Pomal 106 barricas reserva Edición Limitada Rioja,
Estuche cava Kripta Brut Nature gran reserva,
Vino tinto Numanthia Toro,46
Cava Blanc de Blancs Ars Collecta de Codorníu,18
Vino tinto La Clave Bierzo Raúl Pérez,"8,10,13"
Vino tinto Marqués de Riscal reserva Rioja,"14,13"
Vino tinto Vega Sicilia Valbuena 5ª 2012 Ribera del Duero,119
Vino tinto Reserva XR de Marqués de Riscal Rioja,21
Vino Botani Muscat Sierras de Málaga Jorge Ordoñez,9
Caja 2 botellas vino tinto Viña Pomal Centenario Reserva Rioja,38
Vino blanco Malvasía seco Bermejo Lanzarote,17
Vino tinto Pintia 2014 Toro,45
Vino blanco Santa Marina Viognier Vendimia Tardía Ribera del Guadiana,7
Cava Gran Reserva brut nature AA Mirgin Laietà,22
Vino tinto Castillo Ygay Gran Reserva Marqués de Murrieta Rioja,94
Vino Tinto de Alicante Tarima Hil,13
Vino tinto Ramón Bilbao Edición Limitada Rioja,12
Vino tinto Maqués de Riscal Reserva Rioja magnum con caja,32
Vino blanco El Perro Verde Rueda Uvas Felices,"10,6"
Vino tinto Marqués de Murrieta Gran Reserva 2011 Rioja,47
Vino tinto Formiga de Vellut Priorato,16
Vino dulce Pedro Ximenez Old & Plus Sánchez Romate Jerez,39
Vino tinto Borsao Tres Picos Garnacha Campo de Borja,12
Vino tinto Pesquera reserva Tempranillo Ribera del Duero,28
Estuche Pago de los Capellanes crianza Ribera del Duero,59
